{"v":"5.5.5","fr":60,"ip":0,"op":50,"w":1089,"h":519,"nm":"Skeleton Card • You MIght Also Like List","ddd":0,"assets":[{"id":"comp_0","layers":[{"ddd":0,"ind":1,"ty":4,"nm":"Shape Layer 1","td":1,"sr":1,"ks":{"o":{"a":0,"k":50,"ix":11},"r":{"a":0,"k":0,"ix":10},"p":{"a":1,"k":[{"i":{"x":0.667,"y":1},"o":{"x":0.333,"y":0},"t":0,"s":[429.5,259.5,0],"to":[123.333,0,0],"ti":[-123.333,0,0]},{"t":45,"s":[1169.5,259.5,0]}],"ix":2},"a":{"a":0,"k":[0,0,0],"ix":1},"s":{"a":0,"k":[100,100,100],"ix":6}},"ao":0,"ef":[{"ty":29,"nm":"Gaussian Blur","np":6,"mn":"ADBE Gaussian Blur 2","ix":1,"en":1,"ef":[{"ty":0,"nm":"Blurriness","mn":"ADBE Gaussian Blur 2-0001","ix":1,"v":{"a":0,"k":100,"ix":1,"x":"var $bm_rt;\n$bm_rt = comp('Coloumn \\u2022 Price').layer('Shape Layer 1').effect('Gaussian Blur')(1);"}},{"ty":7,"nm":"Blur Dimensions","mn":"ADBE Gaussian Blur 2-0002","ix":2,"v":{"a":0,"k":1,"ix":2,"x":"var $bm_rt;\n$bm_rt = comp('Coloumn \\u2022 Price').layer('Shape Layer 1').effect('Gaussian Blur')(2);"}},{"ty":7,"nm":"Repeat Edge Pixels","mn":"ADBE Gaussian Blur 2-0003","ix":3,"v":{"a":0,"k":0,"ix":3,"x":"var $bm_rt;\n$bm_rt = comp('Coloumn \\u2022 Price').layer('Shape Layer 1').effect('Gaussian Blur')(3);"}},{"ty":7,"nm":"GPU Rendering","mn":"ADBE Force CPU GPU","ix":4,"v":{"a":0,"k":1,"ix":4}}]}],"shapes":[{"ty":"gr","it":[{"ty":"rc","d":1,"s":{"a":0,"k":[98.641,506.688],"ix":2,"x":"var $bm_rt;\n$bm_rt = comp('Coloumn \\u2022 Price').layer('Shape Layer 1').content('Rectangle 1').content('Rectangle Path 1').size;"},"p":{"a":0,"k":[0,0],"ix":3,"x":"var $bm_rt;\n$bm_rt = comp('Coloumn \\u2022 Price').layer('Shape Layer 1').content('Rectangle 1').content('Rectangle Path 1').position;"},"r":{"a":0,"k":0,"ix":4,"x":"var $bm_rt;\n$bm_rt = comp('Coloumn \\u2022 Price').layer('Shape Layer 1').content('Rectangle 1').content('Rectangle Path 1').roundness;"},"nm":"Rectangle Path 1","mn":"ADBE Vector Shape - Rect","hd":false},{"ty":"fl","c":{"a":0,"k":[0.682475968903,0.682475968903,0.682475968903,1],"ix":4,"x":"var $bm_rt;\n$bm_rt = comp('Coloumn \\u2022 Price').layer('Shape Layer 1').content('Rectangle 1').content('Fill 1').color;"},"o":{"a":0,"k":100,"ix":5,"x":"var $bm_rt;\n$bm_rt = comp('Coloumn \\u2022 Price').layer('Shape Layer 1').content('Rectangle 1').content('Fill 1').opacity;"},"r":1,"bm":0,"nm":"Fill 1","mn":"ADBE Vector Graphic - Fill","hd":false},{"ty":"tr","p":{"a":0,"k":[-115.18,-4.156],"ix":2,"x":"var $bm_rt;\n$bm_rt = comp('Coloumn \\u2022 Price').layer('Shape Layer 1').content('Rectangle 1').transform.position;"},"a":{"a":0,"k":[0,0],"ix":1,"x":"var $bm_rt;\n$bm_rt = comp('Coloumn \\u2022 Price').layer('Shape Layer 1').content('Rectangle 1').transform.anchorPoint;"},"s":{"a":0,"k":[83.814,100],"ix":3,"x":"var $bm_rt;\n$bm_rt = comp('Coloumn \\u2022 Price').layer('Shape Layer 1').content('Rectangle 1').transform.scale;"},"r":{"a":0,"k":0,"ix":6,"x":"var $bm_rt;\n$bm_rt = comp('Coloumn \\u2022 Price').layer('Shape Layer 1').content('Rectangle 1').transform.rotation;"},"o":{"a":0,"k":100,"ix":7,"x":"var $bm_rt;\n$bm_rt = comp('Coloumn \\u2022 Price').layer('Shape Layer 1').content('Rectangle 1').transform.opacity;"},"sk":{"a":0,"k":-15,"ix":4,"x":"var $bm_rt;\n$bm_rt = comp('Coloumn \\u2022 Price').layer('Shape Layer 1').content('Rectangle 1').transform.skew;"},"sa":{"a":0,"k":0,"ix":5,"x":"var $bm_rt;\n$bm_rt = comp('Coloumn \\u2022 Price').layer('Shape Layer 1').content('Rectangle 1').transform.skewAxis;"},"nm":"Transform"}],"nm":"Rectangle 1","np":2,"cix":2,"bm":0,"ix":1,"mn":"ADBE Vector Group","hd":false}],"ip":0,"op":50,"st":0,"bm":0},{"ddd":0,"ind":2,"ty":4,"nm":"Rectangle 123","tt":1,"sr":1,"ks":{"o":{"a":0,"k":100,"ix":11},"r":{"a":0,"k":0,"ix":10},"p":{"a":0,"k":[730.5,426,0],"ix":2},"a":{"a":0,"k":[0,0,0],"ix":1},"s":{"a":0,"k":[100,100,100],"ix":6}},"ao":0,"shapes":[{"ty":"gr","it":[{"ty":"rc","d":1,"s":{"a":0,"k":[207,36],"ix":2},"p":{"a":0,"k":[0,0],"ix":3},"r":{"a":0,"k":2,"ix":4},"nm":"Rectangle Path 1","mn":"ADBE Vector Shape - Rect","hd":false},{"ty":"fl","c":{"a":0,"k":[1,1,1,1],"ix":4},"o":{"a":0,"k":100,"ix":5},"r":1,"bm":0,"nm":"Fill 1","mn":"ADBE Vector Graphic - Fill","hd":false},{"ty":"tr","p":{"a":0,"k":[0,0],"ix":2},"a":{"a":0,"k":[0,0],"ix":1},"s":{"a":0,"k":[300,300],"ix":3},"r":{"a":0,"k":0,"ix":6},"o":{"a":0,"k":100,"ix":7},"sk":{"a":0,"k":0,"ix":4},"sa":{"a":0,"k":0,"ix":5},"nm":"Transform"}],"nm":"Rectangle 122","np":2,"cix":2,"bm":0,"ix":1,"mn":"ADBE Vector Group","hd":false}],"ip":0,"op":50,"st":0,"bm":0},{"ddd":0,"ind":3,"ty":4,"nm":"Rectangle 122","sr":1,"ks":{"o":{"a":0,"k":100,"ix":11},"r":{"a":0,"k":0,"ix":10},"p":{"a":0,"k":[730.5,426,0],"ix":2},"a":{"a":0,"k":[0,0,0],"ix":1},"s":{"a":0,"k":[100,100,100],"ix":6}},"ao":0,"shapes":[{"ty":"gr","it":[{"ty":"rc","d":1,"s":{"a":0,"k":[207,36],"ix":2},"p":{"a":0,"k":[0,0],"ix":3},"r":{"a":0,"k":2,"ix":4},"nm":"Rectangle Path 1","mn":"ADBE Vector Shape - Rect","hd":false},{"ty":"fl","c":{"a":0,"k":[0.937254905701,0.937254905701,0.937254905701,1],"ix":4},"o":{"a":0,"k":100,"ix":5},"r":1,"bm":0,"nm":"Fill 1","mn":"ADBE Vector Graphic - Fill","hd":false},{"ty":"tr","p":{"a":0,"k":[0,0],"ix":2},"a":{"a":0,"k":[0,0],"ix":1},"s":{"a":0,"k":[300,300],"ix":3},"r":{"a":0,"k":0,"ix":6},"o":{"a":0,"k":100,"ix":7},"sk":{"a":0,"k":0,"ix":4},"sa":{"a":0,"k":0,"ix":5},"nm":"Transform"}],"nm":"Rectangle 122","np":2,"cix":2,"bm":0,"ix":1,"mn":"ADBE Vector Group","hd":false}],"ip":0,"op":50,"st":0,"bm":0}]},{"id":"comp_1","layers":[{"ddd":0,"ind":1,"ty":4,"nm":"Shape Layer 1","td":1,"sr":1,"ks":{"o":{"a":0,"k":50,"ix":11},"r":{"a":0,"k":0,"ix":10},"p":{"a":1,"k":[{"i":{"x":0.833,"y":0.833},"o":{"x":0.167,"y":0.167},"t":0,"s":[515.5,259.5,0],"to":[104,0,0],"ti":[-104,0,0]},{"t":45,"s":[1139.5,259.5,0]}],"ix":2},"a":{"a":0,"k":[0,0,0],"ix":1},"s":{"a":0,"k":[100,100,100],"ix":6}},"ao":0,"ef":[{"ty":29,"nm":"Gaussian Blur","np":6,"mn":"ADBE Gaussian Blur 2","ix":1,"en":1,"ef":[{"ty":0,"nm":"Blurriness","mn":"ADBE Gaussian Blur 2-0001","ix":1,"v":{"a":0,"k":100,"ix":1,"x":"var $bm_rt;\n$bm_rt = comp('Coloumn \\u2022 Tittle').layer('Shape Layer 1').effect('Gaussian Blur')(1);"}},{"ty":7,"nm":"Blur Dimensions","mn":"ADBE Gaussian Blur 2-0002","ix":2,"v":{"a":0,"k":1,"ix":2,"x":"var $bm_rt;\n$bm_rt = comp('Coloumn \\u2022 Tittle').layer('Shape Layer 1').effect('Gaussian Blur')(2);"}},{"ty":7,"nm":"Repeat Edge Pixels","mn":"ADBE Gaussian Blur 2-0003","ix":3,"v":{"a":0,"k":0,"ix":3,"x":"var $bm_rt;\n$bm_rt = comp('Coloumn \\u2022 Tittle').layer('Shape Layer 1').effect('Gaussian Blur')(3);"}},{"ty":7,"nm":"GPU Rendering","mn":"ADBE Force CPU GPU","ix":4,"v":{"a":0,"k":1,"ix":4}}]}],"shapes":[{"ty":"gr","it":[{"ty":"rc","d":1,"s":{"a":0,"k":[98.641,506.688],"ix":2,"x":"var $bm_rt;\n$bm_rt = comp('Coloumn \\u2022 Tittle').layer('Shape Layer 1').content('Rectangle 1').content('Rectangle Path 1').size;"},"p":{"a":0,"k":[0,0],"ix":3,"x":"var $bm_rt;\n$bm_rt = comp('Coloumn \\u2022 Tittle').layer('Shape Layer 1').content('Rectangle 1').content('Rectangle Path 1').position;"},"r":{"a":0,"k":0,"ix":4,"x":"var $bm_rt;\n$bm_rt = comp('Coloumn \\u2022 Tittle').layer('Shape Layer 1').content('Rectangle 1').content('Rectangle Path 1').roundness;"},"nm":"Rectangle Path 1","mn":"ADBE Vector Shape - Rect","hd":false},{"ty":"fl","c":{"a":0,"k":[0.682475968903,0.682475968903,0.682475968903,1],"ix":4,"x":"var $bm_rt;\n$bm_rt = comp('Coloumn \\u2022 Tittle').layer('Shape Layer 1').content('Rectangle 1').content('Fill 1').color;"},"o":{"a":0,"k":100,"ix":5,"x":"var $bm_rt;\n$bm_rt = comp('Coloumn \\u2022 Tittle').layer('Shape Layer 1').content('Rectangle 1').content('Fill 1').opacity;"},"r":1,"bm":0,"nm":"Fill 1","mn":"ADBE Vector Graphic - Fill","hd":false},{"ty":"tr","p":{"a":0,"k":[-115.18,-4.156],"ix":2,"x":"var $bm_rt;\n$bm_rt = comp('Coloumn \\u2022 Tittle').layer('Shape Layer 1').content('Rectangle 1').transform.position;"},"a":{"a":0,"k":[0,0],"ix":1,"x":"var $bm_rt;\n$bm_rt = comp('Coloumn \\u2022 Tittle').layer('Shape Layer 1').content('Rectangle 1').transform.anchorPoint;"},"s":{"a":0,"k":[83.814,100],"ix":3,"x":"var $bm_rt;\n$bm_rt = comp('Coloumn \\u2022 Tittle').layer('Shape Layer 1').content('Rectangle 1').transform.scale;"},"r":{"a":0,"k":0,"ix":6,"x":"var $bm_rt;\n$bm_rt = comp('Coloumn \\u2022 Tittle').layer('Shape Layer 1').content('Rectangle 1').transform.rotation;"},"o":{"a":0,"k":100,"ix":7,"x":"var $bm_rt;\n$bm_rt = comp('Coloumn \\u2022 Tittle').layer('Shape Layer 1').content('Rectangle 1').transform.opacity;"},"sk":{"a":0,"k":-15,"ix":4,"x":"var $bm_rt;\n$bm_rt = comp('Coloumn \\u2022 Tittle').layer('Shape Layer 1').content('Rectangle 1').transform.skew;"},"sa":{"a":0,"k":0,"ix":5,"x":"var $bm_rt;\n$bm_rt = comp('Coloumn \\u2022 Tittle').layer('Shape Layer 1').content('Rectangle 1').transform.skewAxis;"},"nm":"Transform"}],"nm":"Rectangle 1","np":2,"cix":2,"bm":0,"ix":1,"mn":"ADBE Vector Group","hd":false}],"ip":0,"op":50,"st":0,"bm":0},{"ddd":0,"ind":2,"ty":4,"nm":"Rectangle 125","tt":1,"sr":1,"ks":{"o":{"a":0,"k":100,"ix":11},"r":{"a":0,"k":0,"ix":10},"p":{"a":0,"k":[682.5,144,0],"ix":2},"a":{"a":0,"k":[0,0,0],"ix":1},"s":{"a":0,"k":[100,100,100],"ix":6}},"ao":0,"shapes":[{"ty":"gr","it":[{"ty":"rc","d":1,"s":{"a":0,"k":[175,16],"ix":2},"p":{"a":0,"k":[0,0],"ix":3},"r":{"a":0,"k":2,"ix":4},"nm":"Rectangle Path 1","mn":"ADBE Vector Shape - Rect","hd":false},{"ty":"fl","c":{"a":0,"k":[1,1,1,1],"ix":4},"o":{"a":0,"k":100,"ix":5},"r":1,"bm":0,"nm":"Fill 1","mn":"ADBE Vector Graphic - Fill","hd":false},{"ty":"tr","p":{"a":0,"k":[0,0],"ix":2},"a":{"a":0,"k":[0,0],"ix":1},"s":{"a":0,"k":[300,300],"ix":3},"r":{"a":0,"k":0,"ix":6},"o":{"a":0,"k":100,"ix":7},"sk":{"a":0,"k":0,"ix":4},"sa":{"a":0,"k":0,"ix":5},"nm":"Transform"}],"nm":"Rectangle 124","np":2,"cix":2,"bm":0,"ix":1,"mn":"ADBE Vector Group","hd":false}],"ip":0,"op":50,"st":0,"bm":0},{"ddd":0,"ind":3,"ty":4,"nm":"Rectangle 124","sr":1,"ks":{"o":{"a":0,"k":100,"ix":11},"r":{"a":0,"k":0,"ix":10},"p":{"a":0,"k":[682.5,144,0],"ix":2},"a":{"a":0,"k":[0,0,0],"ix":1},"s":{"a":0,"k":[100,100,100],"ix":6}},"ao":0,"shapes":[{"ty":"gr","it":[{"ty":"rc","d":1,"s":{"a":0,"k":[175,16],"ix":2},"p":{"a":0,"k":[0,0],"ix":3},"r":{"a":0,"k":2,"ix":4},"nm":"Rectangle Path 1","mn":"ADBE Vector Shape - Rect","hd":false},{"ty":"fl","c":{"a":0,"k":[0.937254905701,0.937254905701,0.937254905701,1],"ix":4},"o":{"a":0,"k":100,"ix":5},"r":1,"bm":0,"nm":"Fill 1","mn":"ADBE Vector Graphic - Fill","hd":false},{"ty":"tr","p":{"a":0,"k":[0,0],"ix":2},"a":{"a":0,"k":[0,0],"ix":1},"s":{"a":0,"k":[300,300],"ix":3},"r":{"a":0,"k":0,"ix":6},"o":{"a":0,"k":100,"ix":7},"sk":{"a":0,"k":0,"ix":4},"sa":{"a":0,"k":0,"ix":5},"nm":"Transform"}],"nm":"Rectangle 124","np":2,"cix":2,"bm":0,"ix":1,"mn":"ADBE Vector Group","hd":false}],"ip":0,"op":50,"st":0,"bm":0}]},{"id":"comp_2","layers":[{"ddd":0,"ind":1,"ty":4,"nm":"Shape Layer 1","td":1,"sr":1,"ks":{"o":{"a":0,"k":50,"ix":11},"r":{"a":0,"k":0,"ix":10},"p":{"a":1,"k":[{"i":{"x":0.667,"y":1},"o":{"x":0.333,"y":0},"t":0,"s":[494.5,259.5,0],"to":[51.5,0,0],"ti":[-51.5,0,0]},{"t":45,"s":[803.5,259.5,0]}],"ix":2},"a":{"a":0,"k":[0,0,0],"ix":1},"s":{"a":0,"k":[100,100,100],"ix":6}},"ao":0,"ef":[{"ty":29,"nm":"Gaussian Blur","np":6,"mn":"ADBE Gaussian Blur 2","ix":1,"en":1,"ef":[{"ty":0,"nm":"Blurriness","mn":"ADBE Gaussian Blur 2-0001","ix":1,"v":{"a":0,"k":100,"ix":1,"x":"var $bm_rt;\n$bm_rt = comp('Coloumn \\u2022 Description').layer('Shape Layer 1').effect('Gaussian Blur')(1);"}},{"ty":7,"nm":"Blur Dimensions","mn":"ADBE Gaussian Blur 2-0002","ix":2,"v":{"a":0,"k":1,"ix":2,"x":"var $bm_rt;\n$bm_rt = comp('Coloumn \\u2022 Description').layer('Shape Layer 1').effect('Gaussian Blur')(2);"}},{"ty":7,"nm":"Repeat Edge Pixels","mn":"ADBE Gaussian Blur 2-0003","ix":3,"v":{"a":0,"k":0,"ix":3,"x":"var $bm_rt;\n$bm_rt = comp('Coloumn \\u2022 Description').layer('Shape Layer 1').effect('Gaussian Blur')(3);"}},{"ty":7,"nm":"GPU Rendering","mn":"ADBE Force CPU GPU","ix":4,"v":{"a":0,"k":1,"ix":4}}]}],"shapes":[{"ty":"gr","it":[{"ty":"rc","d":1,"s":{"a":0,"k":[98.641,506.688],"ix":2,"x":"var $bm_rt;\n$bm_rt = comp('Coloumn \\u2022 Description').layer('Shape Layer 1').content('Rectangle 1').content('Rectangle Path 1').size;"},"p":{"a":0,"k":[0,0],"ix":3,"x":"var $bm_rt;\n$bm_rt = comp('Coloumn \\u2022 Description').layer('Shape Layer 1').content('Rectangle 1').content('Rectangle Path 1').position;"},"r":{"a":0,"k":0,"ix":4,"x":"var $bm_rt;\n$bm_rt = comp('Coloumn \\u2022 Description').layer('Shape Layer 1').content('Rectangle 1').content('Rectangle Path 1').roundness;"},"nm":"Rectangle Path 1","mn":"ADBE Vector Shape - Rect","hd":false},{"ty":"fl","c":{"a":0,"k":[0.682475968903,0.682475968903,0.682475968903,1],"ix":4,"x":"var $bm_rt;\n$bm_rt = comp('Coloumn \\u2022 Description').layer('Shape Layer 1').content('Rectangle 1').content('Fill 1').color;"},"o":{"a":0,"k":100,"ix":5,"x":"var $bm_rt;\n$bm_rt = comp('Coloumn \\u2022 Description').layer('Shape Layer 1').content('Rectangle 1').content('Fill 1').opacity;"},"r":1,"bm":0,"nm":"Fill 1","mn":"ADBE Vector Graphic - Fill","hd":false},{"ty":"tr","p":{"a":0,"k":[-115.18,-4.156],"ix":2,"x":"var $bm_rt;\n$bm_rt = comp('Coloumn \\u2022 Description').layer('Shape Layer 1').content('Rectangle 1').transform.position;"},"a":{"a":0,"k":[0,0],"ix":1,"x":"var $bm_rt;\n$bm_rt = comp('Coloumn \\u2022 Description').layer('Shape Layer 1').content('Rectangle 1').transform.anchorPoint;"},"s":{"a":0,"k":[83.814,100],"ix":3,"x":"var $bm_rt;\n$bm_rt = comp('Coloumn \\u2022 Description').layer('Shape Layer 1').content('Rectangle 1').transform.scale;"},"r":{"a":0,"k":0,"ix":6,"x":"var $bm_rt;\n$bm_rt = comp('Coloumn \\u2022 Description').layer('Shape Layer 1').content('Rectangle 1').transform.rotation;"},"o":{"a":0,"k":100,"ix":7,"x":"var $bm_rt;\n$bm_rt = comp('Coloumn \\u2022 Description').layer('Shape Layer 1').content('Rectangle 1').transform.opacity;"},"sk":{"a":0,"k":-15,"ix":4,"x":"var $bm_rt;\n$bm_rt = comp('Coloumn \\u2022 Description').layer('Shape Layer 1').content('Rectangle 1').transform.skew;"},"sa":{"a":0,"k":0,"ix":5,"x":"var $bm_rt;\n$bm_rt = comp('Coloumn \\u2022 Description').layer('Shape Layer 1').content('Rectangle 1').transform.skewAxis;"},"nm":"Transform"}],"nm":"Rectangle 1","np":2,"cix":2,"bm":0,"ix":1,"mn":"ADBE Vector Group","hd":false}],"ip":0,"op":50,"st":0,"bm":0},{"ddd":0,"ind":2,"ty":4,"nm":"Rectangle 126","tt":1,"sr":1,"ks":{"o":{"a":0,"k":100,"ix":11},"r":{"a":0,"k":0,"ix":10},"p":{"a":0,"k":[525,216,0],"ix":2},"a":{"a":0,"k":[0,0,0],"ix":1},"s":{"a":0,"k":[100,100,100],"ix":6}},"ao":0,"shapes":[{"ty":"gr","it":[{"ty":"rc","d":1,"s":{"a":0,"k":[70,16],"ix":2},"p":{"a":0,"k":[0,0],"ix":3},"r":{"a":0,"k":2,"ix":4},"nm":"Rectangle Path 1","mn":"ADBE Vector Shape - Rect","hd":false},{"ty":"fl","c":{"a":0,"k":[1,1,1,1],"ix":4},"o":{"a":0,"k":100,"ix":5},"r":1,"bm":0,"nm":"Fill 1","mn":"ADBE Vector Graphic - Fill","hd":false},{"ty":"tr","p":{"a":0,"k":[0,0],"ix":2},"a":{"a":0,"k":[0,0],"ix":1},"s":{"a":0,"k":[300,300],"ix":3},"r":{"a":0,"k":0,"ix":6},"o":{"a":0,"k":100,"ix":7},"sk":{"a":0,"k":0,"ix":4},"sa":{"a":0,"k":0,"ix":5},"nm":"Transform"}],"nm":"Rectangle 125","np":2,"cix":2,"bm":0,"ix":1,"mn":"ADBE Vector Group","hd":false}],"ip":0,"op":50,"st":0,"bm":0},{"ddd":0,"ind":3,"ty":4,"nm":"Rectangle 125","sr":1,"ks":{"o":{"a":0,"k":100,"ix":11},"r":{"a":0,"k":0,"ix":10},"p":{"a":0,"k":[525,216,0],"ix":2},"a":{"a":0,"k":[0,0,0],"ix":1},"s":{"a":0,"k":[100,100,100],"ix":6}},"ao":0,"shapes":[{"ty":"gr","it":[{"ty":"rc","d":1,"s":{"a":0,"k":[70,16],"ix":2},"p":{"a":0,"k":[0,0],"ix":3},"r":{"a":0,"k":2,"ix":4},"nm":"Rectangle Path 1","mn":"ADBE Vector Shape - Rect","hd":false},{"ty":"fl","c":{"a":0,"k":[0.937254905701,0.937254905701,0.937254905701,1],"ix":4},"o":{"a":0,"k":100,"ix":5},"r":1,"bm":0,"nm":"Fill 1","mn":"ADBE Vector Graphic - Fill","hd":false},{"ty":"tr","p":{"a":0,"k":[0,0],"ix":2},"a":{"a":0,"k":[0,0],"ix":1},"s":{"a":0,"k":[300,300],"ix":3},"r":{"a":0,"k":0,"ix":6},"o":{"a":0,"k":100,"ix":7},"sk":{"a":0,"k":0,"ix":4},"sa":{"a":0,"k":0,"ix":5},"nm":"Transform"}],"nm":"Rectangle 125","np":2,"cix":2,"bm":0,"ix":1,"mn":"ADBE Vector Group","hd":false}],"ip":0,"op":50,"st":0,"bm":0}]},{"id":"comp_3","layers":[{"ddd":0,"ind":1,"ty":4,"nm":"Shape Layer 1","td":1,"sr":1,"ks":{"o":{"a":0,"k":50,"ix":11},"r":{"a":0,"k":0,"ix":10},"p":{"a":1,"k":[{"i":{"x":0.667,"y":1},"o":{"x":0.333,"y":0},"t":0,"s":[532.5,259.5,0],"to":[73,0,0],"ti":[-73,0,0]},{"t":45,"s":[970.5,259.5,0]}],"ix":2},"a":{"a":0,"k":[0,0,0],"ix":1},"s":{"a":0,"k":[100,100,100],"ix":6}},"ao":0,"ef":[{"ty":29,"nm":"Gaussian Blur","np":6,"mn":"ADBE Gaussian Blur 2","ix":1,"en":1,"ef":[{"ty":0,"nm":"Blurriness","mn":"ADBE Gaussian Blur 2-0001","ix":1,"v":{"a":0,"k":100,"ix":1,"x":"var $bm_rt;\n$bm_rt = comp('Coloumn \\u2022 Photo Product').layer('Shape Layer 1').effect('Gaussian Blur')(1);"}},{"ty":7,"nm":"Blur Dimensions","mn":"ADBE Gaussian Blur 2-0002","ix":2,"v":{"a":0,"k":1,"ix":2,"x":"var $bm_rt;\n$bm_rt = comp('Coloumn \\u2022 Photo Product').layer('Shape Layer 1').effect('Gaussian Blur')(2);"}},{"ty":7,"nm":"Repeat Edge Pixels","mn":"ADBE Gaussian Blur 2-0003","ix":3,"v":{"a":0,"k":0,"ix":3,"x":"var $bm_rt;\n$bm_rt = comp('Coloumn \\u2022 Photo Product').layer('Shape Layer 1').effect('Gaussian Blur')(3);"}},{"ty":7,"nm":"GPU Rendering","mn":"ADBE Force CPU GPU","ix":4,"v":{"a":0,"k":1,"ix":4}}]}],"shapes":[{"ty":"gr","it":[{"ty":"rc","d":1,"s":{"a":0,"k":[98.641,506.688],"ix":2,"x":"var $bm_rt;\n$bm_rt = comp('Coloumn \\u2022 Photo Product').layer('Shape Layer 1').content('Rectangle 1').content('Rectangle Path 1').size;"},"p":{"a":0,"k":[0,0],"ix":3,"x":"var $bm_rt;\n$bm_rt = comp('Coloumn \\u2022 Photo Product').layer('Shape Layer 1').content('Rectangle 1').content('Rectangle Path 1').position;"},"r":{"a":0,"k":0,"ix":4,"x":"var $bm_rt;\n$bm_rt = comp('Coloumn \\u2022 Photo Product').layer('Shape Layer 1').content('Rectangle 1').content('Rectangle Path 1').roundness;"},"nm":"Rectangle Path 1","mn":"ADBE Vector Shape - Rect","hd":false},{"ty":"fl","c":{"a":0,"k":[0.682475968903,0.682475968903,0.682475968903,1],"ix":4,"x":"var $bm_rt;\n$bm_rt = comp('Coloumn \\u2022 Photo Product').layer('Shape Layer 1').content('Rectangle 1').content('Fill 1').color;"},"o":{"a":0,"k":100,"ix":5,"x":"var $bm_rt;\n$bm_rt = comp('Coloumn \\u2022 Photo Product').layer('Shape Layer 1').content('Rectangle 1').content('Fill 1').opacity;"},"r":1,"bm":0,"nm":"Fill 1","mn":"ADBE Vector Graphic - Fill","hd":false},{"ty":"tr","p":{"a":0,"k":[-115.18,-4.156],"ix":2,"x":"var $bm_rt;\n$bm_rt = comp('Coloumn \\u2022 Photo Product').layer('Shape Layer 1').content('Rectangle 1').transform.position;"},"a":{"a":0,"k":[0,0],"ix":1,"x":"var $bm_rt;\n$bm_rt = comp('Coloumn \\u2022 Photo Product').layer('Shape Layer 1').content('Rectangle 1').transform.anchorPoint;"},"s":{"a":0,"k":[83.814,100],"ix":3,"x":"var $bm_rt;\n$bm_rt = comp('Coloumn \\u2022 Photo Product').layer('Shape Layer 1').content('Rectangle 1').transform.scale;"},"r":{"a":0,"k":0,"ix":6,"x":"var $bm_rt;\n$bm_rt = comp('Coloumn \\u2022 Photo Product').layer('Shape Layer 1').content('Rectangle 1').transform.rotation;"},"o":{"a":0,"k":100,"ix":7,"x":"var $bm_rt;\n$bm_rt = comp('Coloumn \\u2022 Photo Product').layer('Shape Layer 1').content('Rectangle 1').transform.opacity;"},"sk":{"a":0,"k":-15,"ix":4,"x":"var $bm_rt;\n$bm_rt = comp('Coloumn \\u2022 Photo Product').layer('Shape Layer 1').content('Rectangle 1').transform.skew;"},"sa":{"a":0,"k":0,"ix":5,"x":"var $bm_rt;\n$bm_rt = comp('Coloumn \\u2022 Photo Product').layer('Shape Layer 1').content('Rectangle 1').transform.skewAxis;"},"nm":"Transform"}],"nm":"Rectangle 1","np":2,"cix":2,"bm":0,"ix":1,"mn":"ADBE Vector Group","hd":false}],"ip":0,"op":50,"st":0,"bm":0},{"ddd":0,"ind":2,"ty":4,"nm":"Rectangle 124","tt":1,"sr":1,"ks":{"o":{"a":0,"k":100,"ix":11},"r":{"a":0,"k":0,"ix":10},"p":{"a":0,"k":[588,72,0],"ix":2},"a":{"a":0,"k":[0,0,0],"ix":1},"s":{"a":0,"k":[100,100,100],"ix":6}},"ao":0,"shapes":[{"ty":"gr","it":[{"ty":"rc","d":1,"s":{"a":0,"k":[112,16],"ix":2},"p":{"a":0,"k":[0,0],"ix":3},"r":{"a":0,"k":2,"ix":4},"nm":"Rectangle Path 1","mn":"ADBE Vector Shape - Rect","hd":false},{"ty":"fl","c":{"a":0,"k":[1,1,1,1],"ix":4},"o":{"a":0,"k":100,"ix":5},"r":1,"bm":0,"nm":"Fill 1","mn":"ADBE Vector Graphic - Fill","hd":false},{"ty":"tr","p":{"a":0,"k":[0,0],"ix":2},"a":{"a":0,"k":[0,0],"ix":1},"s":{"a":0,"k":[300,300],"ix":3},"r":{"a":0,"k":0,"ix":6},"o":{"a":0,"k":100,"ix":7},"sk":{"a":0,"k":0,"ix":4},"sa":{"a":0,"k":0,"ix":5},"nm":"Transform"}],"nm":"Rectangle 123","np":2,"cix":2,"bm":0,"ix":1,"mn":"ADBE Vector Group","hd":false}],"ip":0,"op":50,"st":0,"bm":0},{"ddd":0,"ind":3,"ty":4,"nm":"Rectangle 123","sr":1,"ks":{"o":{"a":0,"k":100,"ix":11},"r":{"a":0,"k":0,"ix":10},"p":{"a":0,"k":[588,72,0],"ix":2},"a":{"a":0,"k":[0,0,0],"ix":1},"s":{"a":0,"k":[100,100,100],"ix":6}},"ao":0,"shapes":[{"ty":"gr","it":[{"ty":"rc","d":1,"s":{"a":0,"k":[112,16],"ix":2},"p":{"a":0,"k":[0,0],"ix":3},"r":{"a":0,"k":2,"ix":4},"nm":"Rectangle Path 1","mn":"ADBE Vector Shape - Rect","hd":false},{"ty":"fl","c":{"a":0,"k":[0.937254905701,0.937254905701,0.937254905701,1],"ix":4},"o":{"a":0,"k":100,"ix":5},"r":1,"bm":0,"nm":"Fill 1","mn":"ADBE Vector Graphic - Fill","hd":false},{"ty":"tr","p":{"a":0,"k":[0,0],"ix":2},"a":{"a":0,"k":[0,0],"ix":1},"s":{"a":0,"k":[300,300],"ix":3},"r":{"a":0,"k":0,"ix":6},"o":{"a":0,"k":100,"ix":7},"sk":{"a":0,"k":0,"ix":4},"sa":{"a":0,"k":0,"ix":5},"nm":"Transform"}],"nm":"Rectangle 123","np":2,"cix":2,"bm":0,"ix":1,"mn":"ADBE Vector Group","hd":false}],"ip":0,"op":50,"st":0,"bm":0}]},{"id":"comp_4","layers":[{"ddd":0,"ind":1,"ty":4,"nm":"Shape Layer 1","td":1,"sr":1,"ks":{"o":{"a":0,"k":50,"ix":11},"r":{"a":0,"k":0,"ix":10},"p":{"a":1,"k":[{"i":{"x":0.667,"y":1},"o":{"x":0.333,"y":0},"t":0,"s":[63.5,263.5,0],"to":[86.833,0,0],"ti":[-86.833,0,0]},{"t":45,"s":[584.5,263.5,0]}],"ix":2},"a":{"a":0,"k":[0,0,0],"ix":1},"s":{"a":0,"k":[100,100,100],"ix":6}},"ao":0,"ef":[{"ty":29,"nm":"Gaussian Blur","np":6,"mn":"ADBE Gaussian Blur 2","ix":1,"en":1,"ef":[{"ty":0,"nm":"Blurriness","mn":"ADBE Gaussian Blur 2-0001","ix":1,"v":{"a":0,"k":100,"ix":1}},{"ty":7,"nm":"Blur Dimensions","mn":"ADBE Gaussian Blur 2-0002","ix":2,"v":{"a":0,"k":1,"ix":2}},{"ty":7,"nm":"Repeat Edge Pixels","mn":"ADBE Gaussian Blur 2-0003","ix":3,"v":{"a":0,"k":0,"ix":3}},{"ty":7,"nm":"GPU Rendering","mn":"ADBE Force CPU GPU","ix":4,"v":{"a":0,"k":1,"ix":4}}]}],"shapes":[{"ty":"gr","it":[{"ty":"rc","d":1,"s":{"a":0,"k":[98.641,506.688],"ix":2},"p":{"a":0,"k":[0,0],"ix":3},"r":{"a":0,"k":0,"ix":4},"nm":"Rectangle Path 1","mn":"ADBE Vector Shape - Rect","hd":false},{"ty":"fl","c":{"a":0,"k":[0.682475968903,0.682475968903,0.682475968903,1],"ix":4},"o":{"a":0,"k":100,"ix":5},"r":1,"bm":0,"nm":"Fill 1","mn":"ADBE Vector Graphic - Fill","hd":false},{"ty":"tr","p":{"a":0,"k":[-115.18,-4.156],"ix":2},"a":{"a":0,"k":[0,0],"ix":1},"s":{"a":0,"k":[83.814,100],"ix":3},"r":{"a":0,"k":0,"ix":6},"o":{"a":0,"k":100,"ix":7},"sk":{"a":0,"k":-15,"ix":4},"sa":{"a":0,"k":0,"ix":5},"nm":"Transform"}],"nm":"Rectangle 1","np":2,"cix":2,"bm":0,"ix":1,"mn":"ADBE Vector Group","hd":false}],"ip":0,"op":50,"st":0,"bm":0},{"ddd":0,"ind":2,"ty":4,"nm":"Rectangle 50","tt":1,"sr":1,"ks":{"o":{"a":0,"k":100,"ix":11},"r":{"a":0,"k":0,"ix":10},"p":{"a":0,"k":[210,264,0],"ix":2},"a":{"a":0,"k":[0,0,0],"ix":1},"s":{"a":0,"k":[100,100,100],"ix":6}},"ao":0,"shapes":[{"ty":"gr","it":[{"ty":"rc","d":1,"s":{"a":0,"k":[108,144],"ix":2},"p":{"a":0,"k":[0,0],"ix":3},"r":{"a":0,"k":8,"ix":4},"nm":"Rectangle Path 1","mn":"ADBE Vector Shape - Rect","hd":false},{"ty":"fl","c":{"a":0,"k":[1,1,1,1],"ix":4},"o":{"a":0,"k":100,"ix":5},"r":1,"bm":0,"nm":"Fill 1","mn":"ADBE Vector Graphic - Fill","hd":false},{"ty":"tr","p":{"a":0,"k":[0,0],"ix":2},"a":{"a":0,"k":[0,0],"ix":1},"s":{"a":0,"k":[300,300],"ix":3},"r":{"a":0,"k":0,"ix":6},"o":{"a":0,"k":100,"ix":7},"sk":{"a":0,"k":0,"ix":4},"sa":{"a":0,"k":0,"ix":5},"nm":"Transform"}],"nm":"Rectangle 49","np":2,"cix":2,"bm":0,"ix":1,"mn":"ADBE Vector Group","hd":false}],"ip":0,"op":50,"st":0,"bm":0},{"ddd":0,"ind":3,"ty":4,"nm":"Rectangle 49","sr":1,"ks":{"o":{"a":0,"k":100,"ix":11},"r":{"a":0,"k":0,"ix":10},"p":{"a":0,"k":[210,264,0],"ix":2},"a":{"a":0,"k":[0,0,0],"ix":1},"s":{"a":0,"k":[100,100,100],"ix":6}},"ao":0,"shapes":[{"ty":"gr","it":[{"ty":"rc","d":1,"s":{"a":0,"k":[108,144],"ix":2},"p":{"a":0,"k":[0,0],"ix":3},"r":{"a":0,"k":8,"ix":4},"nm":"Rectangle Path 1","mn":"ADBE Vector Shape - Rect","hd":false},{"ty":"fl","c":{"a":0,"k":[0.937254905701,0.937254905701,0.937254905701,1],"ix":4},"o":{"a":0,"k":100,"ix":5},"r":1,"bm":0,"nm":"Fill 1","mn":"ADBE Vector Graphic - Fill","hd":false},{"ty":"tr","p":{"a":0,"k":[0,0],"ix":2},"a":{"a":0,"k":[0,0],"ix":1},"s":{"a":0,"k":[300,300],"ix":3},"r":{"a":0,"k":0,"ix":6},"o":{"a":0,"k":100,"ix":7},"sk":{"a":0,"k":0,"ix":4},"sa":{"a":0,"k":0,"ix":5},"nm":"Transform"}],"nm":"Rectangle 49","np":2,"cix":2,"bm":0,"ix":1,"mn":"ADBE Vector Group","hd":false}],"ip":0,"op":50,"st":0,"bm":0}]}],"layers":[{"ddd":0,"ind":1,"ty":0,"nm":"Coloumn • Button","refId":"comp_0","sr":1,"ks":{"o":{"a":0,"k":100,"ix":11},"r":{"a":0,"k":0,"ix":10},"p":{"a":0,"k":[544.5,259.5,0],"ix":2},"a":{"a":0,"k":[544.5,259.5,0],"ix":1},"s":{"a":0,"k":[100,100,100],"ix":6}},"ao":0,"w":1089,"h":519,"ip":0,"op":50,"st":0,"bm":0},{"ddd":0,"ind":2,"ty":0,"nm":"Coloumn • Description","refId":"comp_1","sr":1,"ks":{"o":{"a":0,"k":100,"ix":11},"r":{"a":0,"k":0,"ix":10},"p":{"a":0,"k":[544.5,259.5,0],"ix":2},"a":{"a":0,"k":[544.5,259.5,0],"ix":1},"s":{"a":0,"k":[100,100,100],"ix":6}},"ao":0,"w":1089,"h":519,"ip":0,"op":50,"st":0,"bm":0},{"ddd":0,"ind":3,"ty":0,"nm":"Coloumn • Price","refId":"comp_2","sr":1,"ks":{"o":{"a":0,"k":100,"ix":11},"r":{"a":0,"k":0,"ix":10},"p":{"a":0,"k":[544.5,259.5,0],"ix":2},"a":{"a":0,"k":[544.5,259.5,0],"ix":1},"s":{"a":0,"k":[100,100,100],"ix":6}},"ao":0,"w":1089,"h":519,"ip":0,"op":50,"st":0,"bm":0},{"ddd":0,"ind":4,"ty":0,"nm":"Coloumn • Tittle","refId":"comp_3","sr":1,"ks":{"o":{"a":0,"k":100,"ix":11},"r":{"a":0,"k":0,"ix":10},"p":{"a":0,"k":[544.5,259.5,0],"ix":2},"a":{"a":0,"k":[544.5,259.5,0],"ix":1},"s":{"a":0,"k":[100,100,100],"ix":6}},"ao":0,"w":1089,"h":519,"ip":0,"op":50,"st":0,"bm":0},{"ddd":0,"ind":5,"ty":0,"nm":"Coloumn • Photo Product","refId":"comp_4","sr":1,"ks":{"o":{"a":0,"k":100,"ix":11},"r":{"a":0,"k":0,"ix":10},"p":{"a":0,"k":[544.5,259.5,0],"ix":2},"a":{"a":0,"k":[544.5,259.5,0],"ix":1},"s":{"a":0,"k":[100,100,100],"ix":6}},"ao":0,"w":1089,"h":519,"ip":0,"op":50,"st":0,"bm":0}],"markers":[]}
