{"v":"5.7.1","fr":30,"ip":0,"op":60,"w":375,"h":457,"nm":"Crowdfounding skeleton","ddd":0,"assets":[],"layers":[{"ddd":0,"ind":1,"ty":4,"nm":"Layer 1/Crowdfounding skeleton Outlines 2","td":1,"sr":1,"ks":{"o":{"a":0,"k":100,"ix":11},"r":{"a":0,"k":0,"ix":10},"p":{"a":0,"k":[187.5,228.5,0],"ix":2},"a":{"a":0,"k":[169,213,0],"ix":1},"s":{"a":0,"k":[100,100,100],"ix":6}},"ao":0,"shapes":[{"ty":"gr","it":[{"ind":0,"ty":"sh","ix":1,"ks":{"a":0,"k":{"i":[[1.1,0],[0,0],[0,1.1],[0,0],[-1.1,0],[0,0],[0,-1.1],[0,0]],"o":[[0,0],[-1.1,0],[0,0],[0,-1.1],[0,0],[1.1,0],[0,0],[0,1.1]],"v":[[-69.5,161.5],[-150.5,161.5],[-152.5,159.5],[-152.5,152.5],[-150.5,150.5],[-69.5,150.5],[-67.5,152.5],[-67.5,159.5]],"c":true},"ix":2},"nm":"Path 1","mn":"ADBE Vector Shape - Group","hd":false},{"ind":1,"ty":"sh","ix":2,"ks":{"a":0,"k":{"i":[[0,-1.1],[0,0],[1.1,0],[0,0],[0,1.1],[0,0],[-1.1,0],[0,0]],"o":[[0,0],[0,1.1],[0,0],[-1.1,0],[0,0],[0,-1.1],[0,0],[1.1,0]],"v":[[126.5,182.5],[126.5,189.5],[124.5,191.5],[-123.5,191.5],[-125.5,189.5],[-125.5,182.5],[-123.5,180.5],[124.5,180.5]],"c":true},"ix":2},"nm":"Path 2","mn":"ADBE Vector Shape - Group","hd":false},{"ind":2,"ty":"sh","ix":3,"ks":{"a":0,"k":{"i":[[0,-1.1],[0,0],[1.1,0],[0,0],[0,1.1],[0,0],[-1.1,0],[0,0]],"o":[[0,0],[0,1.1],[0,0],[-1.1,0],[0,0],[0,-1.1],[0,0],[1.1,0]],"v":[[67.5,152.5],[67.5,159.5],[65.5,161.5],[-5.5,161.5],[-7.5,159.5],[-7.5,152.5],[-5.5,150.5],[65.5,150.5]],"c":true},"ix":2},"nm":"Path 3","mn":"ADBE Vector Shape - Group","hd":false},{"ind":3,"ty":"sh","ix":4,"ks":{"a":0,"k":{"i":[[0,-1.1],[0,0],[1.1,0],[0,0],[0,1.1],[0,0],[-1.1,0],[0,0]],"o":[[0,0],[0,1.1],[0,0],[-1.1,0],[0,0],[0,-1.1],[0,0],[1.1,0]],"v":[[152.5,152.5],[152.5,159.5],[150.5,161.5],[99.5,161.5],[97.5,159.5],[97.5,152.5],[99.5,150.5],[150.5,150.5]],"c":true},"ix":2},"nm":"Path 4","mn":"ADBE Vector Shape - Group","hd":false},{"ind":4,"ty":"sh","ix":5,"ks":{"a":0,"k":{"i":[[0,-1.1],[0,0],[1.1,0],[0,0],[0,1.1],[0,0],[-1.1,0],[0,0]],"o":[[0,0],[0,1.1],[0,0],[-1.1,0],[0,0],[0,-1.1],[0,0],[1.1,0]],"v":[[152.5,126.5],[152.5,143.5],[150.5,145.5],[96.5,145.5],[94.5,143.5],[94.5,126.5],[96.5,124.5],[150.5,124.5]],"c":true},"ix":2},"nm":"Path 5","mn":"ADBE Vector Shape - Group","hd":false},{"ind":5,"ty":"sh","ix":6,"ks":{"a":0,"k":{"i":[[0,0],[1.1,0],[0,0],[0,1.1],[0,0],[-1.1,0],[0,0],[0,-1.1]],"o":[[0,1.1],[0,0],[-1.1,0],[0,0],[0,-1.1],[0,0],[1.1,0],[0,0]],"v":[[67.5,145.5],[65.5,147.5],[23.5,147.5],[21.5,145.5],[21.5,128.5],[23.5,126.5],[65.5,126.5],[67.5,128.5]],"c":true},"ix":2},"nm":"Path 6","mn":"ADBE Vector Shape - Group","hd":false},{"ind":6,"ty":"sh","ix":7,"ks":{"a":0,"k":{"i":[[0,1.1],[0,0],[-1.1,0],[0,0],[0,-1.1],[0,0],[1.1,0],[0,0]],"o":[[0,0],[0,-1.1],[0,0],[1.1,0],[0,0],[0,1.1],[0,0],[-1.1,0]],"v":[[-152.5,145.5],[-152.5,128.5],[-150.5,126.5],[-131.5,126.5],[-129.5,128.5],[-129.5,145.5],[-131.5,147.5],[-150.5,147.5]],"c":true},"ix":2},"nm":"Path 7","mn":"ADBE Vector Shape - Group","hd":false},{"ind":7,"ty":"sh","ix":8,"ks":{"a":0,"k":{"i":[[0,1.1],[0,0],[-1.1,0],[0,0],[0,-1.1],[0,0],[1.1,0],[0,0]],"o":[[0,0],[0,-1.1],[0,0],[1.1,0],[0,0],[0,1.1],[0,0],[-1.1,0]],"v":[[-152.5,98.5],[-152.5,86.5],[-150.5,84.5],[100.5,84.5],[102.5,86.5],[102.5,98.5],[100.5,100.5],[-150.5,100.5]],"c":true},"ix":2},"nm":"Path 8","mn":"ADBE Vector Shape - Group","hd":false},{"ind":8,"ty":"sh","ix":9,"ks":{"a":0,"k":{"i":[[0,1.1],[0,0],[-1.1,0],[0,0],[0,-1.1],[0,0],[1.1,0],[0,0]],"o":[[0,0],[0,-1.1],[0,0],[1.1,0],[0,0],[0,1.1],[0,0],[-1.1,0]],"v":[[-152.5,78.5],[-152.5,66.5],[-150.5,64.5],[60.5,64.5],[62.5,66.5],[62.5,78.5],[60.5,80.5],[-150.5,80.5]],"c":true},"ix":2},"nm":"Path 9","mn":"ADBE Vector Shape - Group","hd":false},{"ind":9,"ty":"sh","ix":10,"ks":{"a":0,"k":{"i":[[0,1.1],[0,0],[-1.1,0],[0,0],[0,-1.1],[0,0],[1.1,0],[0,0]],"o":[[0,0],[0,-1.1],[0,0],[1.1,0],[0,0],[0,1.1],[0,0],[-1.1,0]],"v":[[-152.5,58.5],[-152.5,46.5],[-150.5,44.5],[121.5,44.5],[123.5,46.5],[123.5,58.5],[121.5,60.5],[-150.5,60.5]],"c":true},"ix":2},"nm":"Path 10","mn":"ADBE Vector Shape - Group","hd":false},{"ind":10,"ty":"sh","ix":11,"ks":{"a":0,"k":{"i":[[0,1.1],[0,0],[-1.1,0],[0,0],[0,-1.1],[0,0],[1.1,0],[0,0]],"o":[[0,0],[0,-1.1],[0,0],[1.1,0],[0,0],[0,1.1],[0,0],[-1.1,0]],"v":[[-152.5,22.5],[-152.5,10.5],[-150.5,8.5],[-26.5,8.5],[-24.5,10.5],[-24.5,22.5],[-26.5,24.5],[-150.5,24.5]],"c":true},"ix":2},"nm":"Path 11","mn":"ADBE Vector Shape - Group","hd":false},{"ind":11,"ty":"sh","ix":12,"ks":{"a":0,"k":{"i":[[0,1.1],[0,0],[-1.1,0],[0,0],[0,-1.1],[0,0],[1.1,0],[0,0]],"o":[[0,0],[0,-1.1],[0,0],[1.1,0],[0,0],[0,1.1],[0,0],[-1.1,0]],"v":[[-152.5,-8.5],[-152.5,-20.5],[-150.5,-22.5],[-26.5,-22.5],[-24.5,-20.5],[-24.5,-8.5],[-26.5,-6.5],[-150.5,-6.5]],"c":true},"ix":2},"nm":"Path 12","mn":"ADBE Vector Shape - Group","hd":false},{"ind":12,"ty":"sh","ix":13,"ks":{"a":0,"k":{"i":[[0,-4.4],[0,0],[4.4,0],[0,0],[0,4.4],[0,0],[-4.4,0],[0,0]],"o":[[0,0],[0,4.4],[0,0],[-4.4,0],[0,0],[0,-4.4],[0,0],[4.4,0]],"v":[[152.5,-187.5],[152.5,-51.5],[144.5,-43.5],[-144.5,-43.5],[-152.5,-51.5],[-152.5,-187.5],[-144.5,-195.5],[144.5,-195.5]],"c":true},"ix":2},"nm":"Path 13","mn":"ADBE Vector Shape - Group","hd":false},{"ind":13,"ty":"sh","ix":14,"ks":{"a":0,"k":{"i":[[0,0],[8.3,0],[0,0],[0,8.3],[0,0],[-8.3,0],[0,0],[0,-8.3]],"o":[[0,8.3],[0,0],[-8.3,0],[0,0],[0,-8.3],[0,0],[8.3,0],[0,0]],"v":[[167.5,196.5],[152.5,211.5],[-152.5,211.5],[-167.5,196.5],[-167.5,-196.5],[-152.5,-211.5],[152.5,-211.5],[167.5,-196.5]],"c":true},"ix":2},"nm":"Path 14","mn":"ADBE Vector Shape - Group","hd":false},{"ind":14,"ty":"sh","ix":15,"ks":{"a":0,"k":{"i":[[8.8,0],[0,0],[0,-8.8],[0,0],[-8.8,0],[0,0],[0,8.8],[0,0]],"o":[[0,0],[-8.8,0],[0,0],[0,8.8],[0,0],[8.8,0],[0,0],[0,-8.8]],"v":[[152.5,-212.5],[-152.5,-212.5],[-168.5,-196.5],[-168.5,196.5],[-152.5,212.5],[152.5,212.5],[168.5,196.5],[168.5,-196.5]],"c":true},"ix":2},"nm":"Path 15","mn":"ADBE Vector Shape - Group","hd":false},{"ty":"mm","mm":1,"nm":"Merge Paths 1","mn":"ADBE Vector Filter - Merge","hd":false},{"ty":"fl","c":{"a":0,"k":[0.948999980852,0.961000031116,0.976000019148,1],"ix":4},"o":{"a":0,"k":100,"ix":5},"r":1,"bm":0,"nm":"Fill 1","mn":"ADBE Vector Graphic - Fill","hd":false},{"ty":"tr","p":{"a":0,"k":[168.75,212.75],"ix":2},"a":{"a":0,"k":[0,0],"ix":1},"s":{"a":0,"k":[100,100],"ix":3},"r":{"a":0,"k":0,"ix":6},"o":{"a":0,"k":100,"ix":7},"sk":{"a":0,"k":0,"ix":4},"sa":{"a":0,"k":0,"ix":5},"nm":"Transform"}],"nm":"Group 1","np":17,"cix":2,"bm":0,"ix":1,"mn":"ADBE Vector Group","hd":false}],"ip":0,"op":300,"st":0,"bm":0},{"ddd":0,"ind":2,"ty":4,"nm":"Shape Layer 1","tt":1,"sr":1,"ks":{"o":{"a":0,"k":100,"ix":11},"r":{"a":0,"k":0,"ix":10},"p":{"a":1,"k":[{"i":{"x":0.729,"y":0},"o":{"x":0.333,"y":0},"t":-21,"s":[187.5,228.5,0],"to":[17.709,0,0],"ti":[-37.023,0,0]},{"i":{"x":0.667,"y":1},"o":{"x":0.333,"y":0.209},"t":0,"s":[175.627,228.5,0],"to":[118.028,0,0],"ti":[-56.457,0,0]},{"t":40,"s":[632.5,228.5,0]}],"ix":2},"a":{"a":0,"k":[0,0,0],"ix":1},"s":{"a":0,"k":[100,100,100],"ix":6}},"ao":0,"shapes":[{"ty":"gr","it":[{"ty":"rc","d":1,"s":{"a":0,"k":[114.928,459.329],"ix":2},"p":{"a":0,"k":[0,0],"ix":3},"r":{"a":0,"k":0,"ix":4},"nm":"Rectangle Path 1","mn":"ADBE Vector Shape - Rect","hd":false},{"ty":"gf","o":{"a":0,"k":100,"ix":10},"r":1,"bm":0,"g":{"p":7,"k":{"a":0,"k":[0,1,1,1,0,0.975,0.98,0.988,0,0.949,0.961,0.976,0.25,0.975,0.98,0.988,0.5,1,1,1,0.75,1,1,1,1,1,1,1,0,0,0.25,0.5,0.499,1,0.75,0.5,1,0],"ix":9}},"s":{"a":0,"k":[-56.033,0],"ix":5},"e":{"a":0,"k":[58.308,0],"ix":6},"t":1,"nm":"Gradient Fill 1","mn":"ADBE Vector Graphic - G-Fill","hd":false},{"ty":"tr","p":{"a":0,"k":[-232.036,-0.835],"ix":2},"a":{"a":0,"k":[0,0],"ix":1},"s":{"a":0,"k":[100,100],"ix":3},"r":{"a":0,"k":0,"ix":6},"o":{"a":0,"k":100,"ix":7},"sk":{"a":0,"k":0,"ix":4},"sa":{"a":0,"k":0,"ix":5},"nm":"Transform"}],"nm":"Rectangle 1","np":3,"cix":2,"bm":0,"ix":1,"mn":"ADBE Vector Group","hd":false}],"ip":0,"op":300,"st":0,"bm":0},{"ddd":0,"ind":3,"ty":4,"nm":"Layer 1/Crowdfounding skeleton Outlines","sr":1,"ks":{"o":{"a":0,"k":100,"ix":11},"r":{"a":0,"k":0,"ix":10},"p":{"a":0,"k":[187.5,228.5,0],"ix":2},"a":{"a":0,"k":[169,213,0],"ix":1},"s":{"a":0,"k":[100,100,100],"ix":6}},"ao":0,"shapes":[{"ty":"gr","it":[{"ind":0,"ty":"sh","ix":1,"ks":{"a":0,"k":{"i":[[1.1,0],[0,0],[0,1.1],[0,0],[-1.1,0],[0,0],[0,-1.1],[0,0]],"o":[[0,0],[-1.1,0],[0,0],[0,-1.1],[0,0],[1.1,0],[0,0],[0,1.1]],"v":[[-69.5,161.5],[-150.5,161.5],[-152.5,159.5],[-152.5,152.5],[-150.5,150.5],[-69.5,150.5],[-67.5,152.5],[-67.5,159.5]],"c":true},"ix":2},"nm":"Path 1","mn":"ADBE Vector Shape - Group","hd":false},{"ind":1,"ty":"sh","ix":2,"ks":{"a":0,"k":{"i":[[0,-1.1],[0,0],[1.1,0],[0,0],[0,1.1],[0,0],[-1.1,0],[0,0]],"o":[[0,0],[0,1.1],[0,0],[-1.1,0],[0,0],[0,-1.1],[0,0],[1.1,0]],"v":[[126.5,182.5],[126.5,189.5],[124.5,191.5],[-123.5,191.5],[-125.5,189.5],[-125.5,182.5],[-123.5,180.5],[124.5,180.5]],"c":true},"ix":2},"nm":"Path 2","mn":"ADBE Vector Shape - Group","hd":false},{"ind":2,"ty":"sh","ix":3,"ks":{"a":0,"k":{"i":[[0,-1.1],[0,0],[1.1,0],[0,0],[0,1.1],[0,0],[-1.1,0],[0,0]],"o":[[0,0],[0,1.1],[0,0],[-1.1,0],[0,0],[0,-1.1],[0,0],[1.1,0]],"v":[[67.5,152.5],[67.5,159.5],[65.5,161.5],[-5.5,161.5],[-7.5,159.5],[-7.5,152.5],[-5.5,150.5],[65.5,150.5]],"c":true},"ix":2},"nm":"Path 3","mn":"ADBE Vector Shape - Group","hd":false},{"ind":3,"ty":"sh","ix":4,"ks":{"a":0,"k":{"i":[[0,-1.1],[0,0],[1.1,0],[0,0],[0,1.1],[0,0],[-1.1,0],[0,0]],"o":[[0,0],[0,1.1],[0,0],[-1.1,0],[0,0],[0,-1.1],[0,0],[1.1,0]],"v":[[152.5,152.5],[152.5,159.5],[150.5,161.5],[99.5,161.5],[97.5,159.5],[97.5,152.5],[99.5,150.5],[150.5,150.5]],"c":true},"ix":2},"nm":"Path 4","mn":"ADBE Vector Shape - Group","hd":false},{"ind":4,"ty":"sh","ix":5,"ks":{"a":0,"k":{"i":[[0,-1.1],[0,0],[1.1,0],[0,0],[0,1.1],[0,0],[-1.1,0],[0,0]],"o":[[0,0],[0,1.1],[0,0],[-1.1,0],[0,0],[0,-1.1],[0,0],[1.1,0]],"v":[[152.5,126.5],[152.5,143.5],[150.5,145.5],[96.5,145.5],[94.5,143.5],[94.5,126.5],[96.5,124.5],[150.5,124.5]],"c":true},"ix":2},"nm":"Path 5","mn":"ADBE Vector Shape - Group","hd":false},{"ind":5,"ty":"sh","ix":6,"ks":{"a":0,"k":{"i":[[0,0],[1.1,0],[0,0],[0,1.1],[0,0],[-1.1,0],[0,0],[0,-1.1]],"o":[[0,1.1],[0,0],[-1.1,0],[0,0],[0,-1.1],[0,0],[1.1,0],[0,0]],"v":[[67.5,145.5],[65.5,147.5],[23.5,147.5],[21.5,145.5],[21.5,128.5],[23.5,126.5],[65.5,126.5],[67.5,128.5]],"c":true},"ix":2},"nm":"Path 6","mn":"ADBE Vector Shape - Group","hd":false},{"ind":6,"ty":"sh","ix":7,"ks":{"a":0,"k":{"i":[[0,1.1],[0,0],[-1.1,0],[0,0],[0,-1.1],[0,0],[1.1,0],[0,0]],"o":[[0,0],[0,-1.1],[0,0],[1.1,0],[0,0],[0,1.1],[0,0],[-1.1,0]],"v":[[-152.5,145.5],[-152.5,128.5],[-150.5,126.5],[-131.5,126.5],[-129.5,128.5],[-129.5,145.5],[-131.5,147.5],[-150.5,147.5]],"c":true},"ix":2},"nm":"Path 7","mn":"ADBE Vector Shape - Group","hd":false},{"ind":7,"ty":"sh","ix":8,"ks":{"a":0,"k":{"i":[[0,1.1],[0,0],[-1.1,0],[0,0],[0,-1.1],[0,0],[1.1,0],[0,0]],"o":[[0,0],[0,-1.1],[0,0],[1.1,0],[0,0],[0,1.1],[0,0],[-1.1,0]],"v":[[-152.5,98.5],[-152.5,86.5],[-150.5,84.5],[100.5,84.5],[102.5,86.5],[102.5,98.5],[100.5,100.5],[-150.5,100.5]],"c":true},"ix":2},"nm":"Path 8","mn":"ADBE Vector Shape - Group","hd":false},{"ind":8,"ty":"sh","ix":9,"ks":{"a":0,"k":{"i":[[0,1.1],[0,0],[-1.1,0],[0,0],[0,-1.1],[0,0],[1.1,0],[0,0]],"o":[[0,0],[0,-1.1],[0,0],[1.1,0],[0,0],[0,1.1],[0,0],[-1.1,0]],"v":[[-152.5,78.5],[-152.5,66.5],[-150.5,64.5],[60.5,64.5],[62.5,66.5],[62.5,78.5],[60.5,80.5],[-150.5,80.5]],"c":true},"ix":2},"nm":"Path 9","mn":"ADBE Vector Shape - Group","hd":false},{"ind":9,"ty":"sh","ix":10,"ks":{"a":0,"k":{"i":[[0,1.1],[0,0],[-1.1,0],[0,0],[0,-1.1],[0,0],[1.1,0],[0,0]],"o":[[0,0],[0,-1.1],[0,0],[1.1,0],[0,0],[0,1.1],[0,0],[-1.1,0]],"v":[[-152.5,58.5],[-152.5,46.5],[-150.5,44.5],[121.5,44.5],[123.5,46.5],[123.5,58.5],[121.5,60.5],[-150.5,60.5]],"c":true},"ix":2},"nm":"Path 10","mn":"ADBE Vector Shape - Group","hd":false},{"ind":10,"ty":"sh","ix":11,"ks":{"a":0,"k":{"i":[[0,1.1],[0,0],[-1.1,0],[0,0],[0,-1.1],[0,0],[1.1,0],[0,0]],"o":[[0,0],[0,-1.1],[0,0],[1.1,0],[0,0],[0,1.1],[0,0],[-1.1,0]],"v":[[-152.5,22.5],[-152.5,10.5],[-150.5,8.5],[-26.5,8.5],[-24.5,10.5],[-24.5,22.5],[-26.5,24.5],[-150.5,24.5]],"c":true},"ix":2},"nm":"Path 11","mn":"ADBE Vector Shape - Group","hd":false},{"ind":11,"ty":"sh","ix":12,"ks":{"a":0,"k":{"i":[[0,1.1],[0,0],[-1.1,0],[0,0],[0,-1.1],[0,0],[1.1,0],[0,0]],"o":[[0,0],[0,-1.1],[0,0],[1.1,0],[0,0],[0,1.1],[0,0],[-1.1,0]],"v":[[-152.5,-8.5],[-152.5,-20.5],[-150.5,-22.5],[-26.5,-22.5],[-24.5,-20.5],[-24.5,-8.5],[-26.5,-6.5],[-150.5,-6.5]],"c":true},"ix":2},"nm":"Path 12","mn":"ADBE Vector Shape - Group","hd":false},{"ind":12,"ty":"sh","ix":13,"ks":{"a":0,"k":{"i":[[0,-4.4],[0,0],[4.4,0],[0,0],[0,4.4],[0,0],[-4.4,0],[0,0]],"o":[[0,0],[0,4.4],[0,0],[-4.4,0],[0,0],[0,-4.4],[0,0],[4.4,0]],"v":[[152.5,-187.5],[152.5,-51.5],[144.5,-43.5],[-144.5,-43.5],[-152.5,-51.5],[-152.5,-187.5],[-144.5,-195.5],[144.5,-195.5]],"c":true},"ix":2},"nm":"Path 13","mn":"ADBE Vector Shape - Group","hd":false},{"ind":13,"ty":"sh","ix":14,"ks":{"a":0,"k":{"i":[[0,0],[8.3,0],[0,0],[0,8.3],[0,0],[-8.3,0],[0,0],[0,-8.3]],"o":[[0,8.3],[0,0],[-8.3,0],[0,0],[0,-8.3],[0,0],[8.3,0],[0,0]],"v":[[167.5,196.5],[152.5,211.5],[-152.5,211.5],[-167.5,196.5],[-167.5,-196.5],[-152.5,-211.5],[152.5,-211.5],[167.5,-196.5]],"c":true},"ix":2},"nm":"Path 14","mn":"ADBE Vector Shape - Group","hd":false},{"ind":14,"ty":"sh","ix":15,"ks":{"a":0,"k":{"i":[[8.8,0],[0,0],[0,-8.8],[0,0],[-8.8,0],[0,0],[0,8.8],[0,0]],"o":[[0,0],[-8.8,0],[0,0],[0,8.8],[0,0],[8.8,0],[0,0],[0,-8.8]],"v":[[152.5,-212.5],[-152.5,-212.5],[-168.5,-196.5],[-168.5,196.5],[-152.5,212.5],[152.5,212.5],[168.5,196.5],[168.5,-196.5]],"c":true},"ix":2},"nm":"Path 15","mn":"ADBE Vector Shape - Group","hd":false},{"ty":"mm","mm":1,"nm":"Merge Paths 1","mn":"ADBE Vector Filter - Merge","hd":false},{"ty":"fl","c":{"a":0,"k":[0.948999980852,0.961000031116,0.976000019148,1],"ix":4},"o":{"a":0,"k":100,"ix":5},"r":1,"bm":0,"nm":"Fill 1","mn":"ADBE Vector Graphic - Fill","hd":false},{"ty":"tr","p":{"a":0,"k":[168.75,212.75],"ix":2},"a":{"a":0,"k":[0,0],"ix":1},"s":{"a":0,"k":[100,100],"ix":3},"r":{"a":0,"k":0,"ix":6},"o":{"a":0,"k":100,"ix":7},"sk":{"a":0,"k":0,"ix":4},"sa":{"a":0,"k":0,"ix":5},"nm":"Transform"}],"nm":"Group 1","np":17,"cix":2,"bm":0,"ix":1,"mn":"ADBE Vector Group","hd":false}],"ip":0,"op":300,"st":0,"bm":0},{"ddd":0,"ind":4,"ty":1,"nm":"Bg","sr":1,"ks":{"o":{"a":0,"k":100,"ix":11},"r":{"a":0,"k":0,"ix":10},"p":{"a":0,"k":[187.5,228.5,0],"ix":2},"a":{"a":0,"k":[187.5,228.5,0],"ix":1},"s":{"a":0,"k":[100,100,100],"ix":6}},"ao":0,"sw":375,"sh":457,"sc":"#ffffff","ip":0,"op":300,"st":0,"bm":0}],"markers":[]}