{"ip":0,"fr":60,"v":"5.1.20","assets":[],"layers":[{"ty":4,"nm":"topFill","ip":0,"st":0,"ind":1,"hix":2,"ks":{"o":{"a":0,"k":100},"or":{"a":0,"k":[0,0,0]},"a":{"a":0,"k":[120,10,0]},"p":{"s":true,"x":{"a":1,"k":[{"t":0,"s":[-125.12],"e":[-125.12],"i":{"x":[1],"y":[1]},"o":{"x":[0],"y":[0]}},{"t":12,"s":[-125.12],"e":[120],"i":{"x":[0.675],"y":[0.19]},"o":{"x":[0.55],"y":[0.055]}},{"t":30,"s":[120],"e":[120],"i":{"x":[1],"y":[1]},"o":{"x":[0],"y":[0]}},{"t":42,"s":[120],"e":[365.12],"i":{"x":[0.355],"y":[1]},"o":{"x":[0.215],"y":[0.61]}},{"t":60}]},"y":{"a":0,"k":10.000000000000004}},"rx":{"a":0,"k":0},"ry":{"a":0,"k":0},"rz":{"a":0,"k":0},"s":{"a":0,"k":[102.60000000000001,152.6]}},"shapes":[{"ty":"gr","nm":"topFill shape group","it":[{"ty":"rc","s":{"a":0,"k":[240,20]},"r":{"a":0,"k":0},"p":{"a":0,"k":[120,10]}},{"ty":"st","o":{"a":0,"k":0},"w":{"a":0,"k":0},"c":{"a":0,"k":[0,0,0,0]},"lc":3,"lj":1,"ml":1},{"ty":"fl","o":{"a":0,"k":100},"r":2,"c":{"a":0,"k":[0.9529411764705882,0.9529411764705882,0.9529411764705882,1]}},{"ty":"tr","o":{"a":0,"k":100},"a":{"a":0,"k":[0,0]},"s":{"a":0,"k":[100,100]},"p":{"a":0,"k":[0,0]},"r":{"a":0,"k":0}}]}],"op":60},{"ty":4,"ip":0,"st":0,"ind":0,"hix":1,"ks":{"o":{"a":0,"k":100},"or":{"a":0,"k":[0,0,0]},"a":{"a":0,"k":[0,0,0]},"p":{"a":0,"k":[0,0,0]},"rx":{"a":0,"k":0},"ry":{"a":0,"k":0},"rz":{"a":0,"k":0},"s":{"a":0,"k":[100,100,100]}},"shapes":[{"ty":"gr","nm":"undefined shape group","it":[{"ty":"rc","s":{"a":0,"k":[240,20]},"r":{"a":0,"k":0},"p":{"a":0,"k":[120,10]}},{"ty":"st","o":{"a":0,"k":0},"w":{"a":0,"k":0},"c":{"a":0,"k":[0,0,0,0]},"lc":3,"lj":1,"ml":1},{"ty":"fl","o":{"a":0,"k":100},"r":1,"c":{"a":0,"k":[0.9372549019607843,0.9372549019607843,0.9372549019607843,1]}},{"ty":"tr","o":{"a":0,"k":100},"a":{"a":0,"k":[0,0]},"s":{"a":0,"k":[100,100]},"p":{"a":0,"k":[0,0]},"r":{"a":0,"k":0}}]}],"op":60}],"op":60,"w":240,"h":20}