{"v":"5.1.6","fr":29.9700012207031,"ip":0,"op":59.0000024031193,"w":300,"h":300,"nm":"loading 2","ddd":0,"assets":[],"layers":[{"ddd":0,"ind":1,"ty":4,"nm":"pro Outlines","sr":1,"ks":{"o":{"a":0,"k":100,"ix":11},"r":{"a":0,"k":0,"ix":10},"p":{"a":0,"k":[87.5,96,0],"ix":2},"a":{"a":0,"k":[31,31,0],"ix":1},"s":{"a":1,"k":[{"i":{"x":[0.529,0.537,0.667],"y":[1,1,1]},"o":{"x":[0.333,0.333,0.333],"y":[0,0,0]},"n":["0p529_1_0p333_0","0p537_1_0p333_0","0p667_1_0p333_0"],"t":0,"s":[100,100,100],"e":[115,115,100]},{"i":{"x":[0.667,0.667,0.667],"y":[1,1,1]},"o":{"x":[0.167,0.167,0.167],"y":[0,0,0]},"n":["0p667_1_0p167_0","0p667_1_0p167_0","0p667_1_0p167_0"],"t":29,"s":[115,115,100],"e":[100,100,100]},{"t":59.0000024031193}],"ix":6}},"ao":0,"shapes":[{"ind":0,"ty":"sh","ix":1,"ks":{"a":0,"k":{"i":[[0.491,-1.323],[1.411,0],[0,0],[0,0],[0,0],[0.49,1.323],[-1.073,0.918],[-7.381,-6.075]],"o":[[-0.49,1.322],[0,0],[0,0],[0,0],[-1.411,0],[-0.49,-1.323],[7.392,-6.083],[1.085,0.928]],"v":[[44.455,42.451],[41.277,44.662],[41.274,44.662],[20.186,44.662],[20.183,44.662],[17.006,42.45],[17.981,38.702],[43.47,38.693]],"c":true},"ix":2},"nm":"Path 1","mn":"ADBE Vector Shape - Group","hd":false},{"ind":1,"ty":"sh","ix":2,"ks":{"a":0,"k":{"i":[[-4.151,0],[0,-4.151],[4.152,0],[0,4.151]],"o":[[4.152,0],[0,4.151],[-4.151,0],[0,-4.151]],"v":[[30.731,16.046],[38.26,23.575],[30.731,31.104],[23.202,23.575]],"c":true},"ix":2},"nm":"Path 2","mn":"ADBE Vector Shape - Group","hd":false},{"ind":2,"ty":"sh","ix":3,"ks":{"a":0,"k":{"i":[[3.865,0],[0,0],[0,-3.866],[0,0],[-3.866,0],[0,0],[0,3.865],[0,0]],"o":[[0,0],[-3.866,0],[0,0],[0,3.865],[0,0],[3.865,0],[0,0],[0,-3.866]],"v":[[54.462,0],[7,0],[0,7],[0,54.462],[7,61.462],[54.462,61.462],[61.462,54.462],[61.462,7]],"c":true},"ix":2},"nm":"Path 3","mn":"ADBE Vector Shape - Group","hd":false},{"ty":"fl","c":{"a":0,"k":[0.941176470588,0.949019607843,0.960784313725,1],"ix":4},"o":{"a":0,"k":100,"ix":5},"r":1,"nm":"Fill 1","mn":"ADBE Vector Graphic - Fill","hd":false}],"ip":0,"op":59.0000024031193,"st":0,"bm":0},{"ddd":0,"ind":2,"ty":4,"nm":"Shape Layer 2","sr":1,"ks":{"o":{"a":0,"k":40,"ix":11},"r":{"a":0,"k":-37,"ix":10},"p":{"a":1,"k":[{"i":{"x":0.833,"y":0.833},"o":{"x":0.167,"y":0.167},"n":"0p833_0p833_0p167_0p167","t":0,"s":[67.969,110.141,0],"e":[105.969,82.641,0],"to":[6.33333349227905,-4.58333349227905,0],"ti":[-6.33333349227905,4.58333349227905,0]},{"t":40.0000016292334}],"ix":2},"a":{"a":0,"k":[-119.031,-43.609,0],"ix":1},"s":{"a":1,"k":[{"i":{"x":[0.833,0.833,0.833],"y":[0.833,0.833,0.833]},"o":{"x":[0.167,0.167,0.167],"y":[0.167,0.167,0.167]},"n":["0p833_0p833_0p167_0p167","0p833_0p833_0p167_0p167","0p833_0p833_0p167_0p167"],"t":0,"s":[48,53,100],"e":[138,78,100]},{"i":{"x":[0.833,0.833,0.833],"y":[0.833,0.833,0.833]},"o":{"x":[0.167,0.167,0.167],"y":[0.167,0.167,0.167]},"n":["0p833_0p833_0p167_0p167","0p833_0p833_0p167_0p167","0p833_0p833_0p167_0p167"],"t":20,"s":[138,78,100],"e":[54,58,100]},{"t":40.0000016292334}],"ix":6}},"ao":0,"shapes":[{"ty":"gr","it":[{"ty":"rc","d":1,"s":{"a":0,"k":[24.062,55.282],"ix":2},"p":{"a":0,"k":[0,0],"ix":3},"r":{"a":0,"k":14,"ix":4},"nm":"Rectangle Path 1","mn":"ADBE Vector Shape - Rect","hd":false},{"ty":"gf","o":{"a":0,"k":100,"ix":10},"r":1,"g":{"p":5,"k":{"a":0,"k":[1,0.8274509803921568,0.8431372549019608,0.8705882352941177,0.191,0.774,0.796,0.831,0.496,0.72,0.749,0.791,0.833,0.774,0.796,0.831,1,0.827,0.843,0.871],"ix":9}},"s":{"a":0,"k":[-9.349,0],"ix":5},"e":{"a":0,"k":[8.301,0],"ix":6},"t":1,"nm":"Gradient Fill 1","mn":"ADBE Vector Graphic - G-Fill","hd":false},{"ty":"tr","p":{"a":0,"k":[-119.031,-43.609],"ix":2},"a":{"a":0,"k":[0,0],"ix":1},"s":{"a":0,"k":[100,100],"ix":3},"r":{"a":0,"k":0,"ix":6},"o":{"a":0,"k":100,"ix":7},"sk":{"a":0,"k":0,"ix":4},"sa":{"a":0,"k":0,"ix":5},"nm":"Transform"}],"nm":"Rectangle 1","np":3,"cix":2,"ix":1,"mn":"ADBE Vector Group","hd":false}],"ip":0,"op":59.0000024031193,"st":0,"bm":0},{"ddd":0,"ind":3,"ty":4,"nm":"Shape Layer 1","sr":1,"ks":{"o":{"a":0,"k":100,"ix":11},"r":{"a":0,"k":0,"ix":10},"p":{"a":0,"k":[150,150,0],"ix":2},"a":{"a":0,"k":[0,0,0],"ix":1},"s":{"a":0,"k":[100,100,100],"ix":6}},"ao":0,"shapes":[{"ty":"gr","it":[{"ty":"rc","d":1,"s":{"a":0,"k":[44.303,46.461],"ix":2},"p":{"a":0,"k":[0,0],"ix":3},"r":{"a":0,"k":0,"ix":4},"nm":"Rectangle Path 1","mn":"ADBE Vector Shape - Rect","hd":false},{"ty":"fl","c":{"a":0,"k":[0.047058823529411764,0.19607843137254902,0.37254901960784315,1],"ix":4},"o":{"a":0,"k":100,"ix":5},"r":1,"nm":"Fill 1","mn":"ADBE Vector Graphic - Fill","hd":false},{"ty":"tr","p":{"a":0,"k":[-65.849,-53.27],"ix":2},"a":{"a":0,"k":[0,0],"ix":1},"s":{"a":0,"k":[100,100],"ix":3},"r":{"a":0,"k":0,"ix":6},"o":{"a":0,"k":100,"ix":7},"sk":{"a":0,"k":0,"ix":4},"sa":{"a":0,"k":0,"ix":5},"nm":"Transform"}],"nm":"Rectangle 1","np":3,"cix":2,"ix":1,"mn":"ADBE Vector Group","hd":false}],"ip":0,"op":59.0000024031193,"st":0,"bm":0},{"ddd":0,"ind":4,"ty":4,"nm":"info Outlines 2","sr":1,"ks":{"o":{"a":1,"k":[{"i":{"x":[0.667],"y":[1]},"o":{"x":[0.333],"y":[0]},"n":["0p667_1_0p333_0"],"t":41,"s":[100],"e":[0]},{"t":51.0000020772726}],"ix":11},"r":{"a":0,"k":0,"ix":10},"p":{"a":0,"k":[133.731,80.269,0],"ix":2},"a":{"a":0,"k":[77.731,16.269,0],"ix":1},"s":{"a":1,"k":[{"i":{"x":[0.437,0.667,0.667],"y":[1.003,1,1]},"o":{"x":[0.333,0.333,0.333],"y":[0,0,0]},"n":["0p437_1p003_0p333_0","0p667_1_0p333_0","0p667_1_0p333_0"],"t":0,"s":[0,100,100],"e":[108,100,100]},{"i":{"x":[0.833,0.833,0.833],"y":[1,1,1]},"o":{"x":[0.167,0.167,0.167],"y":[0,0,0]},"n":["0p833_1_0p167_0","0p833_1_0p167_0","0p833_1_0p167_0"],"t":17,"s":[108,100,100],"e":[100,100,100]},{"t":24.00000097754}],"ix":6}},"ao":0,"shapes":[{"ind":0,"ty":"sh","ix":1,"ks":{"a":0,"k":{"i":[[-2.762,0],[0,0],[0,-2.762],[0,0],[2.761,0],[0,0],[0,2.761],[0,0]],"o":[[0,0],[2.761,0],[0,0],[0,2.761],[0,0],[-2.762,0],[0,0],[0,-2.762]],"v":[[82.731,8.135],[137.808,8.135],[142.808,13.135],[142.808,19.404],[137.808,24.404],[82.731,24.404],[77.731,19.404],[77.731,13.135]],"c":true},"ix":2},"nm":"Path 1","mn":"ADBE Vector Shape - Group","hd":false},{"ty":"fl","c":{"a":0,"k":[0.941176470588,0.949019607843,0.960784313725,1],"ix":4},"o":{"a":0,"k":100,"ix":5},"r":1,"nm":"Fill 1","mn":"ADBE Vector Graphic - Fill","hd":false}],"ip":0,"op":59.0000024031193,"st":0,"bm":0},{"ddd":0,"ind":5,"ty":4,"nm":"info Outlines 3","sr":1,"ks":{"o":{"a":1,"k":[{"i":{"x":[0.667],"y":[1]},"o":{"x":[0.333],"y":[0]},"n":["0p667_1_0p333_0"],"t":41,"s":[100],"e":[0]},{"t":51.0000020772726}],"ix":11},"r":{"a":0,"k":0,"ix":10},"p":{"a":0,"k":[133.731,107.385,0],"ix":2},"a":{"a":0,"k":[77.731,43.385,0],"ix":1},"s":{"a":1,"k":[{"i":{"x":[0.437,0.667,0.667],"y":[1.003,1,1]},"o":{"x":[0.333,0.333,0.333],"y":[0,0,0]},"n":["0p437_1p003_0p333_0","0p667_1_0p333_0","0p667_1_0p333_0"],"t":0,"s":[0,100,100],"e":[106,98.148,100]},{"i":{"x":[0.833,0.833,0.833],"y":[1,1,1]},"o":{"x":[0.167,0.167,0.167],"y":[0,0,0]},"n":["0p833_1_0p167_0","0p833_1_0p167_0","0p833_1_0p167_0"],"t":17,"s":[106,98.148,100],"e":[100,100,100]},{"t":24.00000097754}],"ix":6}},"ao":0,"shapes":[{"ind":0,"ty":"sh","ix":1,"ks":{"a":0,"k":{"i":[[-2.762,0],[0,0],[0,-2.761],[0,0],[2.762,0],[0,0],[0,2.762],[0,0]],"o":[[0,0],[2.762,0],[0,0],[0,2.762],[0,0],[-2.762,0],[0,0],[0,-2.761]],"v":[[82.731,35.25],[183,35.25],[188,40.25],[188,46.519],[183,51.519],[82.731,51.519],[77.731,46.519],[77.731,40.25]],"c":true},"ix":2},"nm":"Path 1","mn":"ADBE Vector Shape - Group","hd":false},{"ty":"fl","c":{"a":0,"k":[0.941176470588,0.949019607843,0.960784313725,1],"ix":4},"o":{"a":0,"k":100,"ix":5},"r":1,"nm":"Fill 1","mn":"ADBE Vector Graphic - Fill","hd":false}],"ip":0,"op":59.0000024031193,"st":0,"bm":0},{"ddd":0,"ind":6,"ty":4,"nm":"info Outlines 4","sr":1,"ks":{"o":{"a":1,"k":[{"i":{"x":[0.667],"y":[1]},"o":{"x":[0.333],"y":[0]},"n":["0p667_1_0p333_0"],"t":41,"s":[100],"e":[0]},{"t":51.0000020772726}],"ix":11},"r":{"a":0,"k":0,"ix":10},"p":{"a":0,"k":[56,148.058,0],"ix":2},"a":{"a":0,"k":[0,84.058,0],"ix":1},"s":{"a":1,"k":[{"i":{"x":[0.437,0.667,0.667],"y":[1.003,1,1]},"o":{"x":[0.333,0.333,0.333],"y":[0,0,0]},"n":["0p437_1p003_0p333_0","0p667_1_0p333_0","0p667_1_0p333_0"],"t":5,"s":[0,100,100],"e":[106,98.148,100]},{"i":{"x":[0.833,0.833,0.833],"y":[1,1,1]},"o":{"x":[0.167,0.167,0.167],"y":[0,0,0]},"n":["0p833_1_0p167_0","0p833_1_0p167_0","0p833_1_0p167_0"],"t":22,"s":[106,98.148,100],"e":[100,100,100]},{"t":29.0000011811942}],"ix":6}},"ao":0,"shapes":[{"ind":0,"ty":"sh","ix":1,"ks":{"a":0,"k":{"i":[[-2.761,0],[0,0],[0,-2.761],[0,0],[2.762,0],[0,0],[0,2.761],[0,0]],"o":[[0,0],[2.762,0],[0,0],[0,2.761],[0,0],[-2.761,0],[0,0],[0,-2.761]],"v":[[5,75.923],[183,75.923],[188,80.923],[188,87.193],[183,92.193],[5,92.193],[0,87.193],[0,80.923]],"c":true},"ix":2},"nm":"Path 1","mn":"ADBE Vector Shape - Group","hd":false},{"ty":"fl","c":{"a":0,"k":[0.941176470588,0.949019607843,0.960784313725,1],"ix":4},"o":{"a":0,"k":100,"ix":5},"r":1,"nm":"Fill 1","mn":"ADBE Vector Graphic - Fill","hd":false}],"ip":0,"op":59.0000024031193,"st":0,"bm":0},{"ddd":0,"ind":7,"ty":4,"nm":"info Outlines 5","sr":1,"ks":{"o":{"a":1,"k":[{"i":{"x":[0.667],"y":[1]},"o":{"x":[0.333],"y":[0]},"n":["0p667_1_0p333_0"],"t":41,"s":[60],"e":[0]},{"t":51.0000020772726}],"ix":11},"r":{"a":0,"k":0,"ix":10},"p":{"a":0,"k":[56,177.885,0],"ix":2},"a":{"a":0,"k":[0,113.885,0],"ix":1},"s":{"a":1,"k":[{"i":{"x":[0.437,0.667,0.667],"y":[1.003,1,1]},"o":{"x":[0.333,0.333,0.333],"y":[0,0,0]},"n":["0p437_1p003_0p333_0","0p667_1_0p333_0","0p667_1_0p333_0"],"t":10,"s":[0,100,100],"e":[106,98.148,100]},{"i":{"x":[0.833,0.833,0.833],"y":[1,1,1]},"o":{"x":[0.167,0.167,0.167],"y":[0,0,0]},"n":["0p833_1_0p167_0","0p833_1_0p167_0","0p833_1_0p167_0"],"t":27,"s":[106,98.148,100],"e":[100,100,100]},{"t":34.0000013848484}],"ix":6}},"ao":0,"shapes":[{"ind":0,"ty":"sh","ix":1,"ks":{"a":0,"k":{"i":[[-2.761,0],[0,0],[0,-2.762],[0,0],[2.762,0],[0,0],[0,2.76],[0,0]],"o":[[0,0],[2.762,0],[0,0],[0,2.76],[0,0],[-2.761,0],[0,0],[0,-2.762]],"v":[[5,105.75],[183,105.75],[188,110.75],[188,117.02],[183,122.02],[5,122.02],[0,117.02],[0,110.75]],"c":true},"ix":2},"nm":"Path 1","mn":"ADBE Vector Shape - Group","hd":false},{"ty":"fl","c":{"a":0,"k":[0.941176470588,0.949019607843,0.960784313725,1],"ix":4},"o":{"a":0,"k":100,"ix":5},"r":1,"nm":"Fill 1","mn":"ADBE Vector Graphic - Fill","hd":false}],"ip":0,"op":59.0000024031193,"st":0,"bm":0},{"ddd":0,"ind":8,"ty":4,"nm":"info Outlines 6","sr":1,"ks":{"o":{"a":1,"k":[{"i":{"x":[0.667],"y":[1]},"o":{"x":[0.333],"y":[0]},"n":["0p667_1_0p333_0"],"t":41,"s":[40],"e":[0]},{"t":51.0000020772726}],"ix":11},"r":{"a":0,"k":0,"ix":10},"p":{"a":0,"k":[56,207.712,0],"ix":2},"a":{"a":0,"k":[0,143.712,0],"ix":1},"s":{"a":1,"k":[{"i":{"x":[0.437,0.667,0.667],"y":[1.003,1,1]},"o":{"x":[0.333,0.333,0.333],"y":[0,0,0]},"n":["0p437_1p003_0p333_0","0p667_1_0p333_0","0p667_1_0p333_0"],"t":15,"s":[0,100,100],"e":[106,98.148,100]},{"i":{"x":[0.833,0.833,0.833],"y":[1,1,1]},"o":{"x":[0.167,0.167,0.167],"y":[0,0,0]},"n":["0p833_1_0p167_0","0p833_1_0p167_0","0p833_1_0p167_0"],"t":32,"s":[106,98.148,100],"e":[100,100,100]},{"t":39.0000015885026}],"ix":6}},"ao":0,"shapes":[{"ind":0,"ty":"sh","ix":1,"ks":{"a":0,"k":{"i":[[-2.761,0],[0,0],[0,-2.762],[0,0],[2.762,0],[0,0],[0,2.761],[0,0]],"o":[[0,0],[2.762,0],[0,0],[0,2.761],[0,0],[-2.761,0],[0,0],[0,-2.762]],"v":[[5,135.577],[183,135.577],[188,140.577],[188,146.846],[183,151.846],[5,151.846],[0,146.846],[0,140.577]],"c":true},"ix":2},"nm":"Path 1","mn":"ADBE Vector Shape - Group","hd":false},{"ty":"fl","c":{"a":0,"k":[0.941176470588,0.949019607843,0.960784313725,1],"ix":4},"o":{"a":0,"k":100,"ix":5},"r":1,"nm":"Fill 1","mn":"ADBE Vector Graphic - Fill","hd":false}],"ip":0,"op":59.0000024031193,"st":0,"bm":0}],"markers":[]}